{
  "timestamp": "20260130_133452",
  "total_cracks": 2,
  "severity_summary": {
    "SEVERE": 2,
    "MODERATE": 0,
    "MINOR": 0
  },
  "cracks": [
    {
      "id": 1,
      "severity": "SEVERE",
      "confidence": 0.4026666581630707,
      "num_points": 246,
      "centroid": [
        -0.5647218190890745,
        -1.7130285680778627,
        1.0745166643069322
      ],
      "source_views": [
        1
      ],
      "point_indices": [
        0,
        1,
        1524730,
        1347587,
        3,
        1347589,
        524292,
        1325059,
        1524745,
        524302,
        1090575,
        274448,
        274451,
        274452,
        274457,
        1090586,
        1543708,
        274460,
        276008,
        262187,
        276012,
        194611,
        582211,
        582213,
        1453643,
        257101,
        1453652,
        1453655,
        1243746,
        534629,
        534633,
        276075,
        276078,
        882295,
        339576,
        262781,
        262783,
        1096831,
        1096834,
        276102,
        1043096,
        1043101,
        1238202,
        1238204,
        726727,
        261836,
        24270,
        578258,
        698579,
        726740,
        1544918,
        24280,
        216,
        100576,
        1430244,
        700139,
        1040621,
        1545457,
        1104114,
        1545471,
        3849,
        1058058,
        1453845,
        4377,
        1545502,
        1346846,
        1097517,
        1097529,
        1430339,
        1081168,
        760664,
        1369965,
        1363324,
        1139076,
        378768,
        99216,
        1363355,
        1088422,
        1514924,
        926130,
        1524661,
        926134,
        1097145,
        923069,
        534979,
        35784,
        534987,
        534990,
        534992,
        534993,
        534994,
        1058256,
        1030608,
        1267162,
        262108,
        274408,
        882166,
        274422,
        582650
      ]
    },
    {
      "id": 2,
      "severity": "SEVERE",
      "confidence": 0.37805336713790894,
      "num_points": 222,
      "centroid": [
        -0.004297130770545016,
        -1.4715066667612609,
        -0.29633303657845333
      ],
      "source_views": [
        5
      ],
      "point_indices": [
        827905,
        497156,
        726533,
        1155079,
        1332745,
        1090575,
        1058326,
        22,
        374294,
        925720,
        1090587,
        1236507,
        1096736,
        1110063,
        495663,
        1043504,
        338994,
        1360949,
        60981,
        1421882,
        1524795,
        1402944,
        1454146,
        1138754,
        1453638,
        285771,
        726604,
        827981,
        1043534,
        925273,
        232544,
        909922,
        1332838,
        833641,
        1096812,
        1545324,
        833647,
        1545329,
        85623,
        1360506,
        1096831,
        126083,
        534149,
        534150,
        534151,
        763015,
        1421959,
        179339,
        7316,
        326806,
        1238172,
        726690,
        578222,
        1103539,
        882356,
        523446,
        57527,
        826042,
        1096892,
        827580,
        882364,
        726722,
        1368770,
        408772,
        100549,
        522450,
        95448,
        700633,
        85726,
        870114,
        824551,
        1545452,
        7410,
        909043,
        444662,
        1096953,
        1223423,
        1545471,
        700676,
        1138437,
        3847,
        453385,
        1346828,
        521996,
        1516813,
        866576,
        159505,
        1496339,
        1346836,
        700695,
        1542424,
        700697,
        1146650,
        535323,
        1516825,
        488224,
        1236257,
        1516836,
        975652,
        582439
      ]
    }
  ]
}