{
	"class_name" : "PinholeCameraParameters",
	"extrinsic" : 
	[
		0.30157127911110665,
		-0.61761237410398084,
		0.72636748204261992,
		0.0,
		-0.089797876093164863,
		-0.77684785754654384,
		-0.62325255528918722,
		0.0,
		0.94920551255481433,
		0.12272881315725855,
		-0.28973528151842859,
		0.0,
		-0.9012171794770345,
		-1.6813344081786543,
		4.9293837937438054,
		1.0
	],
	"intrinsic" : 
	{
		"height" : 1511,
		"intrinsic_matrix" : 
		[
			1308.564385118287,
			0.0,
			0.0,
			0.0,
			1308.564385118287,
			0.0,
			1279.5,
			755.0,
			1.0
		],
		"width" : 2560
	},
	"version_major" : 1,
	"version_minor" : 0
}